{"cameraMode":{"drawMode":0,"name":"Shaded","section":"Shading Mode"},"sceneLighting":false,"audioPlay":false,"sceneViewState":{"m_AlwaysRefresh":false,"showFog":true,"showSkybox":false,"showFlares":true,"showImageEffects":true,"showParticleSystems":true,"showVisualEffectGraphs":true,"m_FxEnabled":true},"in2DMode":false,"pivot":{"x":-0.9989795684814453,"y":3.043132781982422,"z":-0.24234771728515626},"rotation":{"x":0.023085733875632287,"y":-0.942425549030304,"z":0.0665513277053833,"w":0.32691463828086855},"size":4.968229293823242,"orthographic":false}